Title,URL,Advertiser,Location
**PHP Web App Developer*,https://www.seek.com.au/job/36488597?type=standard,ACT,Information & Communication Technology
Senior Web Developer (HTML/CSS/JavaScript & PHP),https://www.seek.com.au/job/36473964?type=standard,Green IT Talent Pty Ltd,Melbourne
Drupal Developer,https://www.seek.com.au/job/36470769?type=standout,Talent – Winner ‘Seek Large Recruitment Agency of the Year’ 3 consecutive years!,Brisbane
Senior PHP Developer - AWS / MVC - Financial Services - Web & Mobile,https://www.seek.com.au/job/36464039?type=standard,TTP Recruitment Pty Ltd,Sydney
React Developer,https://www.seek.com.au/job/36461816?type=standard,Your Creative Pty Ltd,Melbourne
Senior Developer,https://www.seek.com.au/job/36452467?type=standard,Opus Recruitment Solutions,Melbourne
Drupal Developer,https://www.seek.com.au/job/36452320?type=standard,Opus Recruitment Solutions,Melbourne
Senior PHP Developer - Financial Services - Web & Mobile,https://www.seek.com.au/job/36436520?type=standard,TTP Recruitment Pty Ltd,Sydney
Back End PHP Developer,https://www.seek.com.au/job/36419560?type=standout,MessageMedia,Melbourne
Senior PHP Developer - Financial Services - Sydney CBD,https://www.seek.com.au/job/36413930?type=standard,TTP Recruitment Pty Ltd,Sydney
Senior Web Developer (HTML/CSS/JavaScript & PHP),https://www.seek.com.au/job/36412876?type=standard,Green IT Talent Pty Ltd,Melbourne
Senior Full Stack Developer - PHP,https://www.seek.com.au/job/36394821?type=standard,SAI Global Limited,Sydney
Drupal Developer,https://www.seek.com.au/job/36384728?type=standard,Opus Recruitment Solutions,Sydney
PHP Web Developer,https://www.seek.com.au/job/36200806?type=standout,PlantMiner,Brisbane
Web developer - Enterprise intranet,https://www.seek.com.au/job/36334035?type=standout,Ethan Talent,Brisbane
Web Developer,https://www.seek.com.au/job/36328050?type=standout,Furphy Media Group,Melbourne
PHP Developer,https://www.seek.com.au/job/36320273?type=standout,Aurec,Melbourne
Drupal Developer,https://www.seek.com.au/job/36289729?type=standard,Opus Recruitment Solutions,Sydney
Senior Web Developer (HTML/CSS/JavaScript & PHP),https://www.seek.com.au/job/36274641?type=standard,Green IT Talent Pty Ltd,Melbourne
