Title,URL,Advertiser,Location,Area,Listing Date,Short Description
Front-end / Full Stack Developer - Modern JS / ,https://www.seek.com.au/job/36822719?type=standard,Paxus Australia Pty Ltd,Brisbane,CBD &amp; Inner Suburbs,2d ago,"Front-end / Full Stack Developer urgently required to join a global, well respected organisation here in one of Brisbane's finest inner suburbs!"
 Developers - Multiple Roles - Mid to Senior,https://www.seek.com.au/job/36788770?type=standard,Digital Native,Brisbane,CBD &amp; Inner Suburbs,5d ago,PHP + JavaScript | Full Stack | Product Development | API Work | Flexible Working Environment | Brisbane North Side location w\ free parking &amp; perks
Senior Developer looking for that next step as a CTO,https://www.seek.com.au/job/36823414?type=standard,"",Brisbane,CBD &amp; Inner Suburbs,1d ago,• Permanent Opportunity! • Contribute to the Business Vision &amp; Success! • Oversee Technology Direction &amp; Build your dream team. • CBD Fringe Location
Site Reliability Engineer,https://www.seek.com.au/job/36810602?type=standout,Squiz Australia Pty Ltd,Brisbane,CBD &amp; Inner Suburbs,3d ago,"We are hiring a experienced Site Reliability Engineer to join our fantastic team, if you want to work with a great company check us out!"
Senior QA Analyst &amp; Digital Resilience Champion,https://www.seek.com.au/job/36810226?type=standout,"",Brisbane,CBD &amp; Inner Suburbs,3d ago,Be a part of the QA team at FunCaptcha and help drive their software-as-a-service technology essential to keeping the Internet running smoothly.
Web Developer,https://www.seek.com.au/job/36809411?type=standout,Australian Accident Management Commercial,Brisbane,CBD &amp; Inner Suburbs,3d ago,"AAMC have a brilliant software development team, and there is room for one more!!!"
Software Tester,https://www.seek.com.au/job/36800665?type=standout,Nightlife Music,Brisbane,CBD &amp; Inner Suburbs,4d ago,We are seeking an experienced Software Tester to work with cross-functional teams to ensure quality throughout the software development life-cycle.
Software Developer/Engineer,https://www.seek.com.au/job/36795214?type=standard,NEXVIA,Brisbane,CBD &amp; Inner Suburbs,4d ago,"We are an Australian technology company, developing ground-breaking management software for the construction industry."
Web Developer,https://www.seek.com.au/job/36791667?type=standard,Genie Solutions Pty Ltd,Brisbane,CBD &amp; Inner Suburbs,5d ago,We are currently looking for a driven Web Developer to join our team.
Senior Developer (Java),https://www.seek.com.au/job/36774435?type=standard,PCCW Global,Brisbane,CBD &amp; Inner Suburbs,6d ago,Exciting application development role for an experienced Java programmer in a global technology organisation.
